"","X","Transect_Site","WD","logFruitLength","logFruitWidth","logSeedLength","logSeedWidth","logSugar","logFat","logProtein","logNitrogen","logTannins","logSLA","Species","Predicted","tpi","roughness","slope","aspect","flowdir","lat","long","Site"
"1",1,"Ampatsoana_A",0.57282432716106,2.54811238089256,2.40619105492728,2.03261821473538,1.81260513305743,2.5310247144301,1.76622548421864,3.83651758086656,0.752530034365492,0.149648241547656,2.37937429487552,"Avahi_laniger",0.47887044,29.625,45,0.880695983,99.65232619,1,-20.992,47.402,"Ampatsoana"
"2",2,"Ampatsoana_A",0.57282432716106,2.54811238089256,2.40619105492728,2.03261821473538,1.81260513305743,2.5310247144301,1.76622548421864,3.83651758086656,0.752530034365492,0.149648241547656,2.37937429487552,"Cheirogaleus_crossleyi",0.638644872,29.625,45,0.880695983,99.65232619,1,-20.992,47.402,"Ampatsoana"
"3",3,"Ampatsoana_A",0.57282432716106,2.54811238089256,2.40619105492728,2.03261821473538,1.81260513305743,2.5310247144301,1.76622548421864,3.83651758086656,0.752530034365492,0.149648241547656,2.37937429487552,"Eulemur_rubriventer",3.804685785,29.625,45,0.880695983,99.65232619,1,-20.992,47.402,"Ampatsoana"
"4",4,"Ampatsoana_A",0.57282432716106,2.54811238089256,2.40619105492728,2.03261821473538,1.81260513305743,2.5310247144301,1.76622548421864,3.83651758086656,0.752530034365492,0.149648241547656,2.37937429487552,"Propithecus_edwardsi",2.862997722,29.625,45,0.880695983,99.65232619,1,-20.992,47.402,"Ampatsoana"
"5",5,"Ampatsoana_A",0.57282432716106,2.54811238089256,2.40619105492728,2.03261821473538,1.81260513305743,2.5310247144301,1.76622548421864,3.83651758086656,0.752530034365492,0.149648241547656,2.37937429487552,"Lepilemur_microdon",0.310027317,29.625,45,0.880695983,99.65232619,1,-20.992,47.402,"Ampatsoana"
"6",6,"Ampatsoana_A",0.57282432716106,2.54811238089256,2.40619105492728,2.03261821473538,1.81260513305743,2.5310247144301,1.76622548421864,3.83651758086656,0.752530034365492,0.149648241547656,2.37937429487552,"Hapalemur_griseus",1.144168841,29.625,45,0.880695983,99.65232619,1,-20.992,47.402,"Ampatsoana"
"7",7,"Ampatsoana_A",0.57282432716106,2.54811238089256,2.40619105492728,2.03261821473538,1.81260513305743,2.5310247144301,1.76622548421864,3.83651758086656,0.752530034365492,0.149648241547656,2.37937429487552,"Eulemur_rufifrons",0.551822327,29.625,45,0.880695983,99.65232619,1,-20.992,47.402,"Ampatsoana"
"8",8,"Ampatsoana_A",0.57282432716106,2.54811238089256,2.40619105492728,2.03261821473538,1.81260513305743,2.5310247144301,1.76622548421864,3.83651758086656,0.752530034365492,0.149648241547656,2.37937429487552,"Varecia_variegata",0.15218218,29.625,45,0.880695983,99.65232619,1,-20.992,47.402,"Ampatsoana"
"9",9,"Ampatsoana_A",0.57282432716106,2.54811238089256,2.40619105492728,2.03261821473538,1.81260513305743,2.5310247144301,1.76622548421864,3.83651758086656,0.752530034365492,0.149648241547656,2.37937429487552,"Microcebus_rufus",2.797175093,29.625,45,0.880695983,99.65232619,1,-20.992,47.402,"Ampatsoana"
"10",10,"Ampatsoana_B",0.586852339499158,2.7097829652782,2.54335572293841,2.12847939956181,1.91764865177555,2.49499359844882,1.74026392754554,3.78132686781052,0.724343729089732,0.165336243595355,2.29263317114066,"Avahi_laniger",0.463923041,8.625,34,0.390494706,206.4047433,16,-20.999,47.392,"Ampatsoana"
"11",11,"Ampatsoana_B",0.586852339499158,2.7097829652782,2.54335572293841,2.12847939956181,1.91764865177555,2.49499359844882,1.74026392754554,3.78132686781052,0.724343729089732,0.165336243595355,2.29263317114066,"Lepilemur_microdon",0.333689069,8.625,34,0.390494706,206.4047433,16,-20.999,47.392,"Ampatsoana"
"12",12,"Ampatsoana_B",0.586852339499158,2.7097829652782,2.54335572293841,2.12847939956181,1.91764865177555,2.49499359844882,1.74026392754554,3.78132686781052,0.724343729089732,0.165336243595355,2.29263317114066,"Cheirogaleus_crossleyi",0.603491749,8.625,34,0.390494706,206.4047433,16,-20.999,47.392,"Ampatsoana"
"13",13,"Ampatsoana_B",0.586852339499158,2.7097829652782,2.54335572293841,2.12847939956181,1.91764865177555,2.49499359844882,1.74026392754554,3.78132686781052,0.724343729089732,0.165336243595355,2.29263317114066,"Eulemur_rufifrons",0.441647285,8.625,34,0.390494706,206.4047433,16,-20.999,47.392,"Ampatsoana"
"14",14,"Ampatsoana_B",0.586852339499158,2.7097829652782,2.54335572293841,2.12847939956181,1.91764865177555,2.49499359844882,1.74026392754554,3.78132686781052,0.724343729089732,0.165336243595355,2.29263317114066,"Propithecus_edwardsi",2.695104412,8.625,34,0.390494706,206.4047433,16,-20.999,47.392,"Ampatsoana"
"15",15,"Ampatsoana_B",0.586852339499158,2.7097829652782,2.54335572293841,2.12847939956181,1.91764865177555,2.49499359844882,1.74026392754554,3.78132686781052,0.724343729089732,0.165336243595355,2.29263317114066,"Microcebus_rufus",2.800292681,8.625,34,0.390494706,206.4047433,16,-20.999,47.392,"Ampatsoana"
"16",16,"Ampatsoana_B",0.586852339499158,2.7097829652782,2.54335572293841,2.12847939956181,1.91764865177555,2.49499359844882,1.74026392754554,3.78132686781052,0.724343729089732,0.165336243595355,2.29263317114066,"Varecia_variegata",0.133819872,8.625,34,0.390494706,206.4047433,16,-20.999,47.392,"Ampatsoana"
"17",17,"Ampatsoana_B",0.586852339499158,2.7097829652782,2.54335572293841,2.12847939956181,1.91764865177555,2.49499359844882,1.74026392754554,3.78132686781052,0.724343729089732,0.165336243595355,2.29263317114066,"Hapalemur_griseus",1.132881298,8.625,34,0.390494706,206.4047433,16,-20.999,47.392,"Ampatsoana"
"18",18,"Ampatsoana_B",0.586852339499158,2.7097829652782,2.54335572293841,2.12847939956181,1.91764865177555,2.49499359844882,1.74026392754554,3.78132686781052,0.724343729089732,0.165336243595355,2.29263317114066,"Eulemur_rubriventer",3.223098692,8.625,34,0.390494706,206.4047433,16,-20.999,47.392,"Ampatsoana"
"19",19,"Ampatsoana_C",0.567108104535776,2.58618402580304,2.46073186084947,2.02436124123219,1.84676575607494,2.46224800216881,1.66176864349299,3.86901362682495,0.742977799408064,0.149678338414748,2.32453827247706,"Propithecus_edwardsi",2.613333324,31,71,0.886609648,177.8618231,1,-21.009,47.382,"Ampatsoana"
"20",20,"Ampatsoana_C",0.567108104535776,2.58618402580304,2.46073186084947,2.02436124123219,1.84676575607494,2.46224800216881,1.66176864349299,3.86901362682495,0.742977799408064,0.149678338414748,2.32453827247706,"Hapalemur_griseus",1.133940318,31,71,0.886609648,177.8618231,1,-21.009,47.382,"Ampatsoana"
"21",21,"Ampatsoana_C",0.567108104535776,2.58618402580304,2.46073186084947,2.02436124123219,1.84676575607494,2.46224800216881,1.66176864349299,3.86901362682495,0.742977799408064,0.149678338414748,2.32453827247706,"Eulemur_rufifrons",0.361317283,31,71,0.886609648,177.8618231,1,-21.009,47.382,"Ampatsoana"
"22",22,"Ampatsoana_C",0.567108104535776,2.58618402580304,2.46073186084947,2.02436124123219,1.84676575607494,2.46224800216881,1.66176864349299,3.86901362682495,0.742977799408064,0.149678338414748,2.32453827247706,"Varecia_variegata",0.114246668,31,71,0.886609648,177.8618231,1,-21.009,47.382,"Ampatsoana"
"23",23,"Ampatsoana_C",0.567108104535776,2.58618402580304,2.46073186084947,2.02436124123219,1.84676575607494,2.46224800216881,1.66176864349299,3.86901362682495,0.742977799408064,0.149678338414748,2.32453827247706,"Microcebus_rufus",2.814508284,31,71,0.886609648,177.8618231,1,-21.009,47.382,"Ampatsoana"
"24",24,"Ampatsoana_C",0.567108104535776,2.58618402580304,2.46073186084947,2.02436124123219,1.84676575607494,2.46224800216881,1.66176864349299,3.86901362682495,0.742977799408064,0.149678338414748,2.32453827247706,"Cheirogaleus_crossleyi",0.568299152,31,71,0.886609648,177.8618231,1,-21.009,47.382,"Ampatsoana"
"25",25,"Ampatsoana_C",0.567108104535776,2.58618402580304,2.46073186084947,2.02436124123219,1.84676575607494,2.46224800216881,1.66176864349299,3.86901362682495,0.742977799408064,0.149678338414748,2.32453827247706,"Lepilemur_microdon",0.367522064,31,71,0.886609648,177.8618231,1,-21.009,47.382,"Ampatsoana"
"26",26,"Ampatsoana_C",0.567108104535776,2.58618402580304,2.46073186084947,2.02436124123219,1.84676575607494,2.46224800216881,1.66176864349299,3.86901362682495,0.742977799408064,0.149678338414748,2.32453827247706,"Eulemur_rubriventer",3.045485015,31,71,0.886609648,177.8618231,1,-21.009,47.382,"Ampatsoana"
"27",27,"Ampatsoana_C",0.567108104535776,2.58618402580304,2.46073186084947,2.02436124123219,1.84676575607494,2.46224800216881,1.66176864349299,3.86901362682495,0.742977799408064,0.149678338414748,2.32453827247706,"Avahi_laniger",0.456579009,31,71,0.886609648,177.8618231,1,-21.009,47.382,"Ampatsoana"
"28",28,"Ampatsoana_D",0.582513615138123,2.74319863311676,2.58049601307748,2.21503272840228,1.98732926062545,2.35019155154504,1.64873177533712,3.54801914893138,0.79353575859369,0.161185727883684,2.34167083186368,"Propithecus_edwardsi",3.236681068,-18.25,97,1.867807649,158.7168475,2,-21.022,47.438,"Ampatsoana"
"29",29,"Ampatsoana_D",0.582513615138123,2.74319863311676,2.58049601307748,2.21503272840228,1.98732926062545,2.35019155154504,1.64873177533712,3.54801914893138,0.79353575859369,0.161185727883684,2.34167083186368,"Eulemur_rubriventer",4.846762706,-18.25,97,1.867807649,158.7168475,2,-21.022,47.438,"Ampatsoana"
"30",30,"Ampatsoana_D",0.582513615138123,2.74319863311676,2.58049601307748,2.21503272840228,1.98732926062545,2.35019155154504,1.64873177533712,3.54801914893138,0.79353575859369,0.161185727883684,2.34167083186368,"Varecia_variegata",0.291930845,-18.25,97,1.867807649,158.7168475,2,-21.022,47.438,"Ampatsoana"
"31",31,"Ampatsoana_D",0.582513615138123,2.74319863311676,2.58049601307748,2.21503272840228,1.98732926062545,2.35019155154504,1.64873177533712,3.54801914893138,0.79353575859369,0.161185727883684,2.34167083186368,"Eulemur_rufifrons",1.109705227,-18.25,97,1.867807649,158.7168475,2,-21.022,47.438,"Ampatsoana"
"32",32,"Ampatsoana_D",0.582513615138123,2.74319863311676,2.58049601307748,2.21503272840228,1.98732926062545,2.35019155154504,1.64873177533712,3.54801914893138,0.79353575859369,0.161185727883684,2.34167083186368,"Microcebus_rufus",2.756913801,-18.25,97,1.867807649,158.7168475,2,-21.022,47.438,"Ampatsoana"
"33",33,"Ampatsoana_D",0.582513615138123,2.74319863311676,2.58049601307748,2.21503272840228,1.98732926062545,2.35019155154504,1.64873177533712,3.54801914893138,0.79353575859369,0.161185727883684,2.34167083186368,"Hapalemur_griseus",1.149207606,-18.25,97,1.867807649,158.7168475,2,-21.022,47.438,"Ampatsoana"
"34",34,"Ampatsoana_D",0.582513615138123,2.74319863311676,2.58049601307748,2.21503272840228,1.98732926062545,2.35019155154504,1.64873177533712,3.54801914893138,0.79353575859369,0.161185727883684,2.34167083186368,"Lepilemur_microdon",0.22903587,-18.25,97,1.867807649,158.7168475,2,-21.022,47.438,"Ampatsoana"
"35",35,"Ampatsoana_D",0.582513615138123,2.74319863311676,2.58049601307748,2.21503272840228,1.98732926062545,2.35019155154504,1.64873177533712,3.54801914893138,0.79353575859369,0.161185727883684,2.34167083186368,"Avahi_laniger",0.511164378,-18.25,97,1.867807649,158.7168475,2,-21.022,47.438,"Ampatsoana"
"36",36,"Ampatsoana_D",0.582513615138123,2.74319863311676,2.58049601307748,2.21503272840228,1.98732926062545,2.35019155154504,1.64873177533712,3.54801914893138,0.79353575859369,0.161185727883684,2.34167083186368,"Cheirogaleus_crossleyi",0.783454975,-18.25,97,1.867807649,158.7168475,2,-21.022,47.438,"Ampatsoana"
"37",37,"Ampatsoana_E",0.578352568552733,2.73767914612682,2.65467124009442,2.30715908686475,2.08821146478824,2.62926341654883,1.64902326041979,3.71765964911645,0.79946549991121,0.150596692127325,2.4097073658259,"Eulemur_rubriventer",4.06603292,73.75,157,2.849723776,53.16272243,1,-21.016,47.454,"Ampatsoana"
"38",38,"Ampatsoana_E",0.578352568552733,2.73767914612682,2.65467124009442,2.30715908686475,2.08821146478824,2.62926341654883,1.64902326041979,3.71765964911645,0.79946549991121,0.150596692127325,2.4097073658259,"Hapalemur_griseus",1.148939773,73.75,157,2.849723776,53.16272243,1,-21.016,47.454,"Ampatsoana"
"39",39,"Ampatsoana_E",0.578352568552733,2.73767914612682,2.65467124009442,2.30715908686475,2.08821146478824,2.62926341654883,1.64902326041979,3.71765964911645,0.79946549991121,0.150596692127325,2.4097073658259,"Propithecus_edwardsi",2.934048858,73.75,157,2.849723776,53.16272243,1,-21.016,47.454,"Ampatsoana"
"40",40,"Ampatsoana_E",0.578352568552733,2.73767914612682,2.65467124009442,2.30715908686475,2.08821146478824,2.62926341654883,1.64902326041979,3.71765964911645,0.79946549991121,0.150596692127325,2.4097073658259,"Eulemur_rufifrons",0.60314859,73.75,157,2.849723776,53.16272243,1,-21.016,47.454,"Ampatsoana"
"41",41,"Ampatsoana_E",0.578352568552733,2.73767914612682,2.65467124009442,2.30715908686475,2.08821146478824,2.62926341654883,1.64902326041979,3.71765964911645,0.79946549991121,0.150596692127325,2.4097073658259,"Varecia_variegata",0.161162825,73.75,157,2.849723776,53.16272243,1,-21.016,47.454,"Ampatsoana"
"42",42,"Ampatsoana_F",0.578419766514106,2.76801642192501,2.61372708555858,2.1113348226447,1.87421267069963,2.3038401196373,1.59170713522418,3.56056455398474,0.779822294388943,0.131953915240522,2.35260304482495,"Propithecus_edwardsi",2.951758488,-41.875,74,1.411508436,9.780556983,64,-21.002,47.426,"Ampatsoana"
"43",43,"Ampatsoana_F",0.578419766514106,2.76801642192501,2.61372708555858,2.1113348226447,1.87421267069963,2.3038401196373,1.59170713522418,3.56056455398474,0.779822294388943,0.131953915240522,2.35260304482495,"Hapalemur_griseus",1.137163755,-41.875,74,1.411508436,9.780556983,64,-21.002,47.426,"Ampatsoana"
"44",44,"Ampatsoana_F",0.578419766514106,2.76801642192501,2.61372708555858,2.1113348226447,1.87421267069963,2.3038401196373,1.59170713522418,3.56056455398474,0.779822294388943,0.131953915240522,2.35260304482495,"Eulemur_rubriventer",3.90416262,-41.875,74,1.411508436,9.780556983,64,-21.002,47.426,"Ampatsoana"
"45",45,"Ampatsoana_F",0.578419766514106,2.76801642192501,2.61372708555858,2.1113348226447,1.87421267069963,2.3038401196373,1.59170713522418,3.56056455398474,0.779822294388943,0.131953915240522,2.35260304482495,"Varecia_variegata",0.199625237,-41.875,74,1.411508436,9.780556983,64,-21.002,47.426,"Ampatsoana"
"46",46,"Ampatsoana_F",0.578419766514106,2.76801642192501,2.61372708555858,2.1113348226447,1.87421267069963,2.3038401196373,1.59170713522418,3.56056455398474,0.779822294388943,0.131953915240522,2.35260304482495,"Eulemur_rufifrons",0.73119429,-41.875,74,1.411508436,9.780556983,64,-21.002,47.426,"Ampatsoana"
"47",47,"Ampatsoana_G",0.57557248381103,2.69685764075182,2.5346023582253,2.13501559278335,1.90092650987343,2.42568826129783,1.69821063541466,3.53135159816495,0.732498757063938,0.147546941244931,2.26208454296802,"Varecia_variegata",0.139854216,12.625,74,1.215538947,122.4822307,1,-21.011,47.388,"Ampatsoana"
"48",48,"Ampatsoana_G",0.57557248381103,2.69685764075182,2.5346023582253,2.13501559278335,1.90092650987343,2.42568826129783,1.69821063541466,3.53135159816495,0.732498757063938,0.147546941244931,2.26208454296802,"Propithecus_edwardsi",2.481851613,12.625,74,1.215538947,122.4822307,1,-21.011,47.388,"Ampatsoana"
"49",49,"Ampatsoana_G",0.57557248381103,2.69685764075182,2.5346023582253,2.13501559278335,1.90092650987343,2.42568826129783,1.69821063541466,3.53135159816495,0.732498757063938,0.147546941244931,2.26208454296802,"Eulemur_rufifrons",0.386500126,12.625,74,1.215538947,122.4822307,1,-21.011,47.388,"Ampatsoana"
"50",50,"Ampatsoana_G",0.57557248381103,2.69685764075182,2.5346023582253,2.13501559278335,1.90092650987343,2.42568826129783,1.69821063541466,3.53135159816495,0.732498757063938,0.147546941244931,2.26208454296802,"Lepilemur_microdon",0.333212287,12.625,74,1.215538947,122.4822307,1,-21.011,47.388,"Ampatsoana"
"51",51,"Ampatsoana_G",0.57557248381103,2.69685764075182,2.5346023582253,2.13501559278335,1.90092650987343,2.42568826129783,1.69821063541466,3.53135159816495,0.732498757063938,0.147546941244931,2.26208454296802,"Hapalemur_griseus",1.10523476,12.625,74,1.215538947,122.4822307,1,-21.011,47.388,"Ampatsoana"
"52",52,"Ampatsoana_G",0.57557248381103,2.69685764075182,2.5346023582253,2.13501559278335,1.90092650987343,2.42568826129783,1.69821063541466,3.53135159816495,0.732498757063938,0.147546941244931,2.26208454296802,"Microcebus_rufus",2.78019993,12.625,74,1.215538947,122.4822307,1,-21.011,47.388,"Ampatsoana"
"53",53,"Ampatsoana_G",0.57557248381103,2.69685764075182,2.5346023582253,2.13501559278335,1.90092650987343,2.42568826129783,1.69821063541466,3.53135159816495,0.732498757063938,0.147546941244931,2.26208454296802,"Avahi_laniger",0.444431808,12.625,74,1.215538947,122.4822307,1,-21.011,47.388,"Ampatsoana"
"54",54,"Ampatsoana_G",0.57557248381103,2.69685764075182,2.5346023582253,2.13501559278335,1.90092650987343,2.42568826129783,1.69821063541466,3.53135159816495,0.732498757063938,0.147546941244931,2.26208454296802,"Eulemur_rubriventer",2.405783642,12.625,74,1.215538947,122.4822307,1,-21.011,47.388,"Ampatsoana"
"55",55,"Ampatsoana_G",0.57557248381103,2.69685764075182,2.5346023582253,2.13501559278335,1.90092650987343,2.42568826129783,1.69821063541466,3.53135159816495,0.732498757063938,0.147546941244931,2.26208454296802,"Cheirogaleus_crossleyi",0.594242269,12.625,74,1.215538947,122.4822307,1,-21.011,47.388,"Ampatsoana"
"56",56,"Maharira_A",0.572476961070702,2.65314559368484,2.54631646269989,2.18670828682239,1.92450749675322,2.22338928316676,1.68550787116167,4.26893410852422,0.761282336500624,0.168257208555429,2.31729432297722,"Avahi_laniger",0.449832723,68.875,214,2.830472289,64.3091396,1,-21.332,47.414,"Maharira"
"57",57,"Maharira_A",0.572476961070702,2.65314559368484,2.54631646269989,2.18670828682239,1.92450749675322,2.22338928316676,1.68550787116167,4.26893410852422,0.761282336500624,0.168257208555429,2.31729432297722,"Propithecus_edwardsi",2.536962879,68.875,214,2.830472289,64.3091396,1,-21.332,47.414,"Maharira"
"58",58,"Maharira_A",0.572476961070702,2.65314559368484,2.54631646269989,2.18670828682239,1.92450749675322,2.22338928316676,1.68550787116167,4.26893410852422,0.761282336500624,0.168257208555429,2.31729432297722,"Hapalemur_griseus",1.167866034,68.875,214,2.830472289,64.3091396,1,-21.332,47.414,"Maharira"
"59",59,"Maharira_A",0.572476961070702,2.65314559368484,2.54631646269989,2.18670828682239,1.92450749675322,2.22338928316676,1.68550787116167,4.26893410852422,0.761282336500624,0.168257208555429,2.31729432297722,"Lepilemur_microdon",0.530551616,68.875,214,2.830472289,64.3091396,1,-21.332,47.414,"Maharira"
"60",60,"Maharira_A",0.572476961070702,2.65314559368484,2.54631646269989,2.18670828682239,1.92450749675322,2.22338928316676,1.68550787116167,4.26893410852422,0.761282336500624,0.168257208555429,2.31729432297722,"Microcebus_rufus",2.888621842,68.875,214,2.830472289,64.3091396,1,-21.332,47.414,"Maharira"
"61",61,"Maharira_A",0.572476961070702,2.65314559368484,2.54631646269989,2.18670828682239,1.92450749675322,2.22338928316676,1.68550787116167,4.26893410852422,0.761282336500624,0.168257208555429,2.31729432297722,"Varecia_variegata",0.062316213,68.875,214,2.830472289,64.3091396,1,-21.332,47.414,"Maharira"
"62",62,"Maharira_A",0.572476961070702,2.65314559368484,2.54631646269989,2.18670828682239,1.92450749675322,2.22338928316676,1.68550787116167,4.26893410852422,0.761282336500624,0.168257208555429,2.31729432297722,"Cheirogaleus_crossleyi",0.464011042,68.875,214,2.830472289,64.3091396,1,-21.332,47.414,"Maharira"
"63",63,"Maharira_A",0.572476961070702,2.65314559368484,2.54631646269989,2.18670828682239,1.92450749675322,2.22338928316676,1.68550787116167,4.26893410852422,0.761282336500624,0.168257208555429,2.31729432297722,"Eulemur_rubriventer",3.312789365,68.875,214,2.830472289,64.3091396,1,-21.332,47.414,"Maharira"
"64",64,"Maharira_A",0.572476961070702,2.65314559368484,2.54631646269989,2.18670828682239,1.92450749675322,2.22338928316676,1.68550787116167,4.26893410852422,0.761282336500624,0.168257208555429,2.31729432297722,"Eulemur_rufifrons",0.199004846,68.875,214,2.830472289,64.3091396,1,-21.332,47.414,"Maharira"
"65",65,"Maharira_B",0.597539130077454,2.85970551425943,2.66810811731862,2.38877964252288,1.98583301893601,2.08491503859267,1.55518803873933,4.25431547618862,0.765537181170142,0.191367158626692,2.21343769670673,"Eulemur_rufifrons",0.181822397,68.875,214,2.830472289,64.3091396,1,-21.333,47.411,"Maharira"
"66",66,"Maharira_B",0.597539130077454,2.85970551425943,2.66810811731862,2.38877964252288,1.98583301893601,2.08491503859267,1.55518803873933,4.25431547618862,0.765537181170142,0.191367158626692,2.21343769670673,"Propithecus_edwardsi",2.317287923,68.875,214,2.830472289,64.3091396,1,-21.333,47.411,"Maharira"
"67",67,"Maharira_B",0.597539130077454,2.85970551425943,2.66810811731862,2.38877964252288,1.98583301893601,2.08491503859267,1.55518803873933,4.25431547618862,0.765537181170142,0.191367158626692,2.21343769670673,"Avahi_laniger",0.429337892,68.875,214,2.830472289,64.3091396,1,-21.333,47.411,"Maharira"
"68",68,"Maharira_B",0.597539130077454,2.85970551425943,2.66810811731862,2.38877964252288,1.98583301893601,2.08491503859267,1.55518803873933,4.25431547618862,0.765537181170142,0.191367158626692,2.21343769670673,"Varecia_variegata",0.070567707,68.875,214,2.830472289,64.3091396,1,-21.333,47.411,"Maharira"
"69",69,"Maharira_B",0.597539130077454,2.85970551425943,2.66810811731862,2.38877964252288,1.98583301893601,2.08491503859267,1.55518803873933,4.25431547618862,0.765537181170142,0.191367158626692,2.21343769670673,"Microcebus_rufus",2.857909299,68.875,214,2.830472289,64.3091396,1,-21.333,47.411,"Maharira"
"70",70,"Maharira_B",0.597539130077454,2.85970551425943,2.66810811731862,2.38877964252288,1.98583301893601,2.08491503859267,1.55518803873933,4.25431547618862,0.765537181170142,0.191367158626692,2.21343769670673,"Cheirogaleus_crossleyi",0.465159039,68.875,214,2.830472289,64.3091396,1,-21.333,47.411,"Maharira"
"71",71,"Maharira_B",0.597539130077454,2.85970551425943,2.66810811731862,2.38877964252288,1.98583301893601,2.08491503859267,1.55518803873933,4.25431547618862,0.765537181170142,0.191367158626692,2.21343769670673,"Lepilemur_microdon",0.508731177,68.875,214,2.830472289,64.3091396,1,-21.333,47.411,"Maharira"
"72",72,"Maharira_B",0.597539130077454,2.85970551425943,2.66810811731862,2.38877964252288,1.98583301893601,2.08491503859267,1.55518803873933,4.25431547618862,0.765537181170142,0.191367158626692,2.21343769670673,"Eulemur_rubriventer",2.338924697,68.875,214,2.830472289,64.3091396,1,-21.333,47.411,"Maharira"
"73",73,"Maharira_B",0.597539130077454,2.85970551425943,2.66810811731862,2.38877964252288,1.98583301893601,2.08491503859267,1.55518803873933,4.25431547618862,0.765537181170142,0.191367158626692,2.21343769670673,"Hapalemur_griseus",1.13182999,68.875,214,2.830472289,64.3091396,1,-21.333,47.411,"Maharira"
"74",74,"Maharira_C",0.571841024000836,2.83015129885172,2.68732746125804,2.33523525230112,2.01860706753241,2.18242385597542,1.58941676392877,4.04970915032475,0.743686754144931,0.187380214983407,2.33211650432217,"Microcebus_rufus",2.845898957,66.75,214,4.961767564,101.5373843,1,-21.337,47.409,"Maharira"
"75",75,"Maharira_C",0.571841024000836,2.83015129885172,2.68732746125804,2.33523525230112,2.01860706753241,2.18242385597542,1.58941676392877,4.04970915032475,0.743686754144931,0.187380214983407,2.33211650432217,"Eulemur_rubriventer",2.461460582,66.75,214,4.961767564,101.5373843,1,-21.337,47.409,"Maharira"
"76",76,"Maharira_C",0.571841024000836,2.83015129885172,2.68732746125804,2.33523525230112,2.01860706753241,2.18242385597542,1.58941676392877,4.04970915032475,0.743686754144931,0.187380214983407,2.33211650432217,"Avahi_laniger",0.434894369,66.75,214,4.961767564,101.5373843,1,-21.337,47.409,"Maharira"
"77",77,"Maharira_C",0.571841024000836,2.83015129885172,2.68732746125804,2.33523525230112,2.01860706753241,2.18242385597542,1.58941676392877,4.04970915032475,0.743686754144931,0.187380214983407,2.33211650432217,"Lepilemur_microdon",0.46872808,66.75,214,4.961767564,101.5373843,1,-21.337,47.409,"Maharira"
"78",78,"Maharira_C",0.571841024000836,2.83015129885172,2.68732746125804,2.33523525230112,2.01860706753241,2.18242385597542,1.58941676392877,4.04970915032475,0.743686754144931,0.187380214983407,2.33211650432217,"Hapalemur_griseus",1.130736425,66.75,214,4.961767564,101.5373843,1,-21.337,47.409,"Maharira"
"79",79,"Maharira_C",0.571841024000836,2.83015129885172,2.68732746125804,2.33523525230112,2.01860706753241,2.18242385597542,1.58941676392877,4.04970915032475,0.743686754144931,0.187380214983407,2.33211650432217,"Propithecus_edwardsi",2.3768553,66.75,214,4.961767564,101.5373843,1,-21.337,47.409,"Maharira"
"80",80,"Maharira_C",0.571841024000836,2.83015129885172,2.68732746125804,2.33523525230112,2.01860706753241,2.18242385597542,1.58941676392877,4.04970915032475,0.743686754144931,0.187380214983407,2.33211650432217,"Eulemur_rufifrons",0.213852566,66.75,214,4.961767564,101.5373843,1,-21.337,47.409,"Maharira"
"81",81,"Maharira_C",0.571841024000836,2.83015129885172,2.68732746125804,2.33523525230112,2.01860706753241,2.18242385597542,1.58941676392877,4.04970915032475,0.743686754144931,0.187380214983407,2.33211650432217,"Cheirogaleus_crossleyi",0.488343258,66.75,214,4.961767564,101.5373843,1,-21.337,47.409,"Maharira"
"82",82,"Maharira_C",0.571841024000836,2.83015129885172,2.68732746125804,2.33523525230112,2.01860706753241,2.18242385597542,1.58941676392877,4.04970915032475,0.743686754144931,0.187380214983407,2.33211650432217,"Varecia_variegata",0.079532446,66.75,214,4.961767564,101.5373843,1,-21.337,47.409,"Maharira"
"83",83,"Miaranony_A",0.56462867105498,2.88189418034861,2.64007659568234,2.19001247700338,1.89500918967275,2.50216473341076,1.67769798094759,3.31701196580983,0.87892348533425,0.0979964009033589,2.46794733700124,"Lepilemur_microdon",0.062694759,-206.75,449,6.776096958,190.5809745,2,-21.166,47.54,"Miaranony"
"84",84,"Miaranony_A",0.56462867105498,2.88189418034861,2.64007659568234,2.19001247700338,1.89500918967275,2.50216473341076,1.67769798094759,3.31701196580983,0.87892348533425,0.0979964009033589,2.46794733700124,"Propithecus_edwardsi",3.086577561,-206.75,449,6.776096958,190.5809745,2,-21.166,47.54,"Miaranony"
"85",85,"Miaranony_A",0.56462867105498,2.88189418034861,2.64007659568234,2.19001247700338,1.89500918967275,2.50216473341076,1.67769798094759,3.31701196580983,0.87892348533425,0.0979964009033589,2.46794733700124,"Eulemur_rubriventer",1.825517591,-206.75,449,6.776096958,190.5809745,2,-21.166,47.54,"Miaranony"
"86",86,"Miaranony_A",0.56462867105498,2.88189418034861,2.64007659568234,2.19001247700338,1.89500918967275,2.50216473341076,1.67769798094759,3.31701196580983,0.87892348533425,0.0979964009033589,2.46794733700124,"Varecia_variegata",7.367213817,-206.75,449,6.776096958,190.5809745,2,-21.166,47.54,"Miaranony"
"87",87,"Miaranony_A",0.56462867105498,2.88189418034861,2.64007659568234,2.19001247700338,1.89500918967275,2.50216473341076,1.67769798094759,3.31701196580983,0.87892348533425,0.0979964009033589,2.46794733700124,"Cheirogaleus_crossleyi",2.019520026,-206.75,449,6.776096958,190.5809745,2,-21.166,47.54,"Miaranony"
"88",88,"Miaranony_A",0.56462867105498,2.88189418034861,2.64007659568234,2.19001247700338,1.89500918967275,2.50216473341076,1.67769798094759,3.31701196580983,0.87892348533425,0.0979964009033589,2.46794733700124,"Eulemur_rufifrons",14.75074567,-206.75,449,6.776096958,190.5809745,2,-21.166,47.54,"Miaranony"
"89",89,"Miaranony_A",0.56462867105498,2.88189418034861,2.64007659568234,2.19001247700338,1.89500918967275,2.50216473341076,1.67769798094759,3.31701196580983,0.87892348533425,0.0979964009033589,2.46794733700124,"Microcebus_rufus",2.421677525,-206.75,449,6.776096958,190.5809745,2,-21.166,47.54,"Miaranony"
"90",90,"Miaranony_A",0.56462867105498,2.88189418034861,2.64007659568234,2.19001247700338,1.89500918967275,2.50216473341076,1.67769798094759,3.31701196580983,0.87892348533425,0.0979964009033589,2.46794733700124,"Avahi_laniger",0.49687621,-206.75,449,6.776096958,190.5809745,2,-21.166,47.54,"Miaranony"
"91",91,"Miaranony_A",0.56462867105498,2.88189418034861,2.64007659568234,2.19001247700338,1.89500918967275,2.50216473341076,1.67769798094759,3.31701196580983,0.87892348533425,0.0979964009033589,2.46794733700124,"Hapalemur_griseus",0.976600817,-206.75,449,6.776096958,190.5809745,2,-21.166,47.54,"Miaranony"
"92",92,"Miaranony_B",0.588560357344322,3.03676985274735,2.86561446610567,2.42377237255214,2.06536635269837,2.28601680134303,1.65756222051759,3.56004312865205,0.91602422501635,0.120037763177364,2.38138555879181,"Varecia_variegata",10.60641647,-48.625,468,13.5005877,211.1290319,16,-21.163,47.542,"Miaranony"
"93",93,"Miaranony_B",0.588560357344322,3.03676985274735,2.86561446610567,2.42377237255214,2.06536635269837,2.28601680134303,1.65756222051759,3.56004312865205,0.91602422501635,0.120037763177364,2.38138555879181,"Cheirogaleus_crossleyi",2.070469221,-48.625,468,13.5005877,211.1290319,16,-21.163,47.542,"Miaranony"
"94",94,"Miaranony_B",0.588560357344322,3.03676985274735,2.86561446610567,2.42377237255214,2.06536635269837,2.28601680134303,1.65756222051759,3.56004312865205,0.91602422501635,0.120037763177364,2.38138555879181,"Propithecus_edwardsi",3.451416371,-48.625,468,13.5005877,211.1290319,16,-21.163,47.542,"Miaranony"
"95",95,"Miaranony_B",0.588560357344322,3.03676985274735,2.86561446610567,2.42377237255214,2.06536635269837,2.28601680134303,1.65756222051759,3.56004312865205,0.91602422501635,0.120037763177364,2.38138555879181,"Lepilemur_microdon",0.056659239,-48.625,468,13.5005877,211.1290319,16,-21.163,47.542,"Miaranony"
"96",96,"Miaranony_B",0.588560357344322,3.03676985274735,2.86561446610567,2.42377237255214,2.06536635269837,2.28601680134303,1.65756222051759,3.56004312865205,0.91602422501635,0.120037763177364,2.38138555879181,"Avahi_laniger",0.528182504,-48.625,468,13.5005877,211.1290319,16,-21.163,47.542,"Miaranony"
"97",97,"Miaranony_B",0.588560357344322,3.03676985274735,2.86561446610567,2.42377237255214,2.06536635269837,2.28601680134303,1.65756222051759,3.56004312865205,0.91602422501635,0.120037763177364,2.38138555879181,"Hapalemur_griseus",1.007307542,-48.625,468,13.5005877,211.1290319,16,-21.163,47.542,"Miaranony"
"98",98,"Miaranony_B",0.588560357344322,3.03676985274735,2.86561446610567,2.42377237255214,2.06536635269837,2.28601680134303,1.65756222051759,3.56004312865205,0.91602422501635,0.120037763177364,2.38138555879181,"Eulemur_rufifrons",17.97174772,-48.625,468,13.5005877,211.1290319,16,-21.163,47.542,"Miaranony"
"99",99,"Miaranony_B",0.588560357344322,3.03676985274735,2.86561446610567,2.42377237255214,2.06536635269837,2.28601680134303,1.65756222051759,3.56004312865205,0.91602422501635,0.120037763177364,2.38138555879181,"Microcebus_rufus",2.445006184,-48.625,468,13.5005877,211.1290319,16,-21.163,47.542,"Miaranony"
"100",100,"Miaranony_B",0.588560357344322,3.03676985274735,2.86561446610567,2.42377237255214,2.06536635269837,2.28601680134303,1.65756222051759,3.56004312865205,0.91602422501635,0.120037763177364,2.38138555879181,"Eulemur_rubriventer",2.624605193,-48.625,468,13.5005877,211.1290319,16,-21.163,47.542,"Miaranony"
"101",101,"Miaranony_C",0.581395917703981,3.01149919577954,2.87352448125718,2.39302780379003,2.0726210911142,2.30386464098144,1.61072641865068,3.31040853658181,0.886225069396077,0.115555546926974,2.4115122771705,"Cheirogaleus_crossleyi",1.080611782,70.5,529,11.19405811,207.2431979,16,-21.157,47.543,"Miaranony"
"102",102,"Miaranony_C",0.581395917703981,3.01149919577954,2.87352448125718,2.39302780379003,2.0726210911142,2.30386464098144,1.61072641865068,3.31040853658181,0.886225069396077,0.115555546926974,2.4115122771705,"Lepilemur_microdon",0.131841278,70.5,529,11.19405811,207.2431979,16,-21.157,47.543,"Miaranony"
"103",103,"Miaranony_C",0.581395917703981,3.01149919577954,2.87352448125718,2.39302780379003,2.0726210911142,2.30386464098144,1.61072641865068,3.31040853658181,0.886225069396077,0.115555546926974,2.4115122771705,"Propithecus_edwardsi",3.261680702,70.5,529,11.19405811,207.2431979,16,-21.157,47.543,"Miaranony"
"104",104,"Miaranony_C",0.581395917703981,3.01149919577954,2.87352448125718,2.39302780379003,2.0726210911142,2.30386464098144,1.61072641865068,3.31040853658181,0.886225069396077,0.115555546926974,2.4115122771705,"Varecia_variegata",0.891769324,70.5,529,11.19405811,207.2431979,16,-21.157,47.543,"Miaranony"
"105",105,"Miaranony_C",0.581395917703981,3.01149919577954,2.87352448125718,2.39302780379003,2.0726210911142,2.30386464098144,1.61072641865068,3.31040853658181,0.886225069396077,0.115555546926974,2.4115122771705,"Eulemur_rufifrons",2.753573887,70.5,529,11.19405811,207.2431979,16,-21.157,47.543,"Miaranony"
"106",106,"Miaranony_C",0.581395917703981,3.01149919577954,2.87352448125718,2.39302780379003,2.0726210911142,2.30386464098144,1.61072641865068,3.31040853658181,0.886225069396077,0.115555546926974,2.4115122771705,"Hapalemur_griseus",1.089939659,70.5,529,11.19405811,207.2431979,16,-21.157,47.543,"Miaranony"
"107",107,"Miaranony_C",0.581395917703981,3.01149919577954,2.87352448125718,2.39302780379003,2.0726210911142,2.30386464098144,1.61072641865068,3.31040853658181,0.886225069396077,0.115555546926974,2.4115122771705,"Avahi_laniger",0.512950054,70.5,529,11.19405811,207.2431979,16,-21.157,47.543,"Miaranony"
"108",108,"Miaranony_C",0.581395917703981,3.01149919577954,2.87352448125718,2.39302780379003,2.0726210911142,2.30386464098144,1.61072641865068,3.31040853658181,0.886225069396077,0.115555546926974,2.4115122771705,"Microcebus_rufus",2.641076325,70.5,529,11.19405811,207.2431979,16,-21.157,47.543,"Miaranony"
"109",109,"Miaranony_C",0.581395917703981,3.01149919577954,2.87352448125718,2.39302780379003,2.0726210911142,2.30386464098144,1.61072641865068,3.31040853658181,0.886225069396077,0.115555546926974,2.4115122771705,"Eulemur_rubriventer",3.729156954,70.5,529,11.19405811,207.2431979,16,-21.157,47.543,"Miaranony"
"110",110,"Miaranony_D",0.579710453218454,2.82946530273486,2.75426581730562,2.39159938323099,2.09234208628741,2.47123272164385,1.80937941060678,3.80903177690937,0.874494230238308,0.133660988507782,2.44244735211966,"Avahi_laniger",0.546283134,70.5,529,11.19405811,207.2431979,16,-21.152,47.544,"Miaranony"
"111",111,"Miaranony_D",0.579710453218454,2.82946530273486,2.75426581730562,2.39159938323099,2.09234208628741,2.47123272164385,1.80937941060678,3.80903177690937,0.874494230238308,0.133660988507782,2.44244735211966,"Propithecus_edwardsi",3.657483463,70.5,529,11.19405811,207.2431979,16,-21.152,47.544,"Miaranony"
"112",112,"Miaranony_D",0.579710453218454,2.82946530273486,2.75426581730562,2.39159938323099,2.09234208628741,2.47123272164385,1.80937941060678,3.80903177690937,0.874494230238308,0.133660988507782,2.44244735211966,"Hapalemur_griseus",1.144663433,70.5,529,11.19405811,207.2431979,16,-21.152,47.544,"Miaranony"
"113",113,"Miaranony_D",0.579710453218454,2.82946530273486,2.75426581730562,2.39159938323099,2.09234208628741,2.47123272164385,1.80937941060678,3.80903177690937,0.874494230238308,0.133660988507782,2.44244735211966,"Cheirogaleus_crossleyi",1.016511107,70.5,529,11.19405811,207.2431979,16,-21.152,47.544,"Miaranony"
"114",114,"Miaranony_D",0.579710453218454,2.82946530273486,2.75426581730562,2.39159938323099,2.09234208628741,2.47123272164385,1.80937941060678,3.80903177690937,0.874494230238308,0.133660988507782,2.44244735211966,"Microcebus_rufus",2.698456492,70.5,529,11.19405811,207.2431979,16,-21.152,47.544,"Miaranony"
"115",115,"Miaranony_D",0.579710453218454,2.82946530273486,2.75426581730562,2.39159938323099,2.09234208628741,2.47123272164385,1.80937941060678,3.80903177690937,0.874494230238308,0.133660988507782,2.44244735211966,"Eulemur_rubriventer",5.799288281,70.5,529,11.19405811,207.2431979,16,-21.152,47.544,"Miaranony"
"116",116,"Miaranony_D",0.579710453218454,2.82946530273486,2.75426581730562,2.39159938323099,2.09234208628741,2.47123272164385,1.80937941060678,3.80903177690937,0.874494230238308,0.133660988507782,2.44244735211966,"Varecia_variegata",0.87049464,70.5,529,11.19405811,207.2431979,16,-21.152,47.544,"Miaranony"
"117",117,"Miaranony_D",0.579710453218454,2.82946530273486,2.75426581730562,2.39159938323099,2.09234208628741,2.47123272164385,1.80937941060678,3.80903177690937,0.874494230238308,0.133660988507782,2.44244735211966,"Lepilemur_microdon",0.15539637,70.5,529,11.19405811,207.2431979,16,-21.152,47.544,"Miaranony"
"118",118,"Miaranony_D",0.579710453218454,2.82946530273486,2.75426581730562,2.39159938323099,2.09234208628741,2.47123272164385,1.80937941060678,3.80903177690937,0.874494230238308,0.133660988507782,2.44244735211966,"Eulemur_rufifrons",2.595201997,70.5,529,11.19405811,207.2431979,16,-21.152,47.544,"Miaranony"
"119",119,"Miaranony_E",0.590503129667805,2.85835086654955,2.74247788129392,2.46187780278398,2.11841878586662,2.47800333479603,1.80687188660797,3.97550070621081,0.815670252831194,0.151388332535744,2.35276802746991,"Hapalemur_griseus",1.140759756,36.125,233,4.44042883,189.8554266,16,-21.147,47.545,"Miaranony"
"120",120,"Miaranony_E",0.590503129667805,2.85835086654955,2.74247788129392,2.46187780278398,2.11841878586662,2.47800333479603,1.80687188660797,3.97550070621081,0.815670252831194,0.151388332535744,2.35276802746991,"Propithecus_edwardsi",3.151662603,36.125,233,4.44042883,189.8554266,16,-21.147,47.545,"Miaranony"
"121",121,"Miaranony_E",0.590503129667805,2.85835086654955,2.74247788129392,2.46187780278398,2.11841878586662,2.47800333479603,1.80687188660797,3.97550070621081,0.815670252831194,0.151388332535744,2.35276802746991,"Avahi_laniger",0.503876417,36.125,233,4.44042883,189.8554266,16,-21.147,47.545,"Miaranony"
"122",122,"Miaranony_E",0.590503129667805,2.85835086654955,2.74247788129392,2.46187780278398,2.11841878586662,2.47800333479603,1.80687188660797,3.97550070621081,0.815670252831194,0.151388332535744,2.35276802746991,"Eulemur_rufifrons",1.051082428,36.125,233,4.44042883,189.8554266,16,-21.147,47.545,"Miaranony"
"123",123,"Miaranony_E",0.590503129667805,2.85835086654955,2.74247788129392,2.46187780278398,2.11841878586662,2.47800333479603,1.80687188660797,3.97550070621081,0.815670252831194,0.151388332535744,2.35276802746991,"Eulemur_rubriventer",4.459765881,36.125,233,4.44042883,189.8554266,16,-21.147,47.545,"Miaranony"
"124",124,"Miaranony_E",0.590503129667805,2.85835086654955,2.74247788129392,2.46187780278398,2.11841878586662,2.47800333479603,1.80687188660797,3.97550070621081,0.815670252831194,0.151388332535744,2.35276802746991,"Microcebus_rufus",2.752159315,36.125,233,4.44042883,189.8554266,16,-21.147,47.545,"Miaranony"
"125",125,"Miaranony_E",0.590503129667805,2.85835086654955,2.74247788129392,2.46187780278398,2.11841878586662,2.47800333479603,1.80687188660797,3.97550070621081,0.815670252831194,0.151388332535744,2.35276802746991,"Lepilemur_microdon",0.22930416,36.125,233,4.44042883,189.8554266,16,-21.147,47.545,"Miaranony"
"126",126,"Miaranony_E",0.590503129667805,2.85835086654955,2.74247788129392,2.46187780278398,2.11841878586662,2.47800333479603,1.80687188660797,3.97550070621081,0.815670252831194,0.151388332535744,2.35276802746991,"Cheirogaleus_crossleyi",0.775830843,36.125,233,4.44042883,189.8554266,16,-21.147,47.545,"Miaranony"
"127",127,"Miaranony_E",0.590503129667805,2.85835086654955,2.74247788129392,2.46187780278398,2.11841878586662,2.47800333479603,1.80687188660797,3.97550070621081,0.815670252831194,0.151388332535744,2.35276802746991,"Varecia_variegata",0.280085851,36.125,233,4.44042883,189.8554266,16,-21.147,47.545,"Miaranony"
"128",128,"Miaranony_F",0.592509271446094,2.86385390808024,2.7351428143003,2.40007175147736,2.07823074994461,2.39618819831819,1.65349669883344,3.8745650623828,0.793869057856234,0.12613599932921,2.31346785197745,"Hapalemur_griseus",1.174760631,10.75,83,1.023756586,186.0327908,8,-21.14,47.544,"Miaranony"
"129",129,"Miaranony_F",0.592509271446094,2.86385390808024,2.7351428143003,2.40007175147736,2.07823074994461,2.39618819831819,1.65349669883344,3.8745650623828,0.793869057856234,0.12613599932921,2.31346785197745,"Cheirogaleus_crossleyi",0.713459744,10.75,83,1.023756586,186.0327908,8,-21.14,47.544,"Miaranony"
"130",130,"Miaranony_F",0.592509271446094,2.86385390808024,2.7351428143003,2.40007175147736,2.07823074994461,2.39618819831819,1.65349669883344,3.8745650623828,0.793869057856234,0.12613599932921,2.31346785197745,"Lepilemur_microdon",0.275197858,10.75,83,1.023756586,186.0327908,8,-21.14,47.544,"Miaranony"
"131",131,"Miaranony_F",0.592509271446094,2.86385390808024,2.7351428143003,2.40007175147736,2.07823074994461,2.39618819831819,1.65349669883344,3.8745650623828,0.793869057856234,0.12613599932921,2.31346785197745,"Varecia_variegata",0.213342308,10.75,83,1.023756586,186.0327908,8,-21.14,47.544,"Miaranony"
"132",132,"Miaranony_F",0.592509271446094,2.86385390808024,2.7351428143003,2.40007175147736,2.07823074994461,2.39618819831819,1.65349669883344,3.8745650623828,0.793869057856234,0.12613599932921,2.31346785197745,"Propithecus_edwardsi",3.280447621,10.75,83,1.023756586,186.0327908,8,-21.14,47.544,"Miaranony"
"133",133,"Miaranony_F",0.592509271446094,2.86385390808024,2.7351428143003,2.40007175147736,2.07823074994461,2.39618819831819,1.65349669883344,3.8745650623828,0.793869057856234,0.12613599932921,2.31346785197745,"Avahi_laniger",0.514991076,10.75,83,1.023756586,186.0327908,8,-21.14,47.544,"Miaranony"
"134",134,"Miaranony_F",0.592509271446094,2.86385390808024,2.7351428143003,2.40007175147736,2.07823074994461,2.39618819831819,1.65349669883344,3.8745650623828,0.793869057856234,0.12613599932921,2.31346785197745,"Eulemur_rufifrons",0.864695691,10.75,83,1.023756586,186.0327908,8,-21.14,47.544,"Miaranony"
"135",135,"Miaranony_F",0.592509271446094,2.86385390808024,2.7351428143003,2.40007175147736,2.07823074994461,2.39618819831819,1.65349669883344,3.8745650623828,0.793869057856234,0.12613599932921,2.31346785197745,"Eulemur_rubriventer",5.532232729,10.75,83,1.023756586,186.0327908,8,-21.14,47.544,"Miaranony"
"136",136,"Miaranony_F",0.592509271446094,2.86385390808024,2.7351428143003,2.40007175147736,2.07823074994461,2.39618819831819,1.65349669883344,3.8745650623828,0.793869057856234,0.12613599932921,2.31346785197745,"Microcebus_rufus",2.797551074,10.75,83,1.023756586,186.0327908,8,-21.14,47.544,"Miaranony"
"137",137,"Valohoaka_A",0.577596748045458,2.87533149798266,2.7556115119242,2.30078222668959,2.05330521384802,2.30541002800228,1.74913285757313,3.55788852096772,0.896950192577051,0.110573362202989,2.37723748875887,"Eulemur_rubriventer",3.740897757,-54.25,256,5.857443275,100.7454754,2,-21.275,47.442,"Valohoaka"
"138",138,"Valohoaka_A",0.577596748045458,2.87533149798266,2.7556115119242,2.30078222668959,2.05330521384802,2.30541002800228,1.74913285757313,3.55788852096772,0.896950192577051,0.110573362202989,2.37723748875887,"Avahi_laniger",0.515573408,-54.25,256,5.857443275,100.7454754,2,-21.275,47.442,"Valohoaka"
"139",139,"Valohoaka_A",0.577596748045458,2.87533149798266,2.7556115119242,2.30078222668959,2.05330521384802,2.30541002800228,1.74913285757313,3.55788852096772,0.896950192577051,0.110573362202989,2.37723748875887,"Varecia_variegata",1.015364904,-54.25,256,5.857443275,100.7454754,2,-21.275,47.442,"Valohoaka"
"140",140,"Valohoaka_A",0.577596748045458,2.87533149798266,2.7556115119242,2.30078222668959,2.05330521384802,2.30541002800228,1.74913285757313,3.55788852096772,0.896950192577051,0.110573362202989,2.37723748875887,"Cheirogaleus_crossleyi",1.117648789,-54.25,256,5.857443275,100.7454754,2,-21.275,47.442,"Valohoaka"
"141",141,"Valohoaka_A",0.577596748045458,2.87533149798266,2.7556115119242,2.30078222668959,2.05330521384802,2.30541002800228,1.74913285757313,3.55788852096772,0.896950192577051,0.110573362202989,2.37723748875887,"Hapalemur_griseus",1.087364486,-54.25,256,5.857443275,100.7454754,2,-21.275,47.442,"Valohoaka"
"142",142,"Valohoaka_A",0.577596748045458,2.87533149798266,2.7556115119242,2.30078222668959,2.05330521384802,2.30541002800228,1.74913285757313,3.55788852096772,0.896950192577051,0.110573362202989,2.37723748875887,"Eulemur_rufifrons",3.05587315,-54.25,256,5.857443275,100.7454754,2,-21.275,47.442,"Valohoaka"
"143",143,"Valohoaka_A",0.577596748045458,2.87533149798266,2.7556115119242,2.30078222668959,2.05330521384802,2.30541002800228,1.74913285757313,3.55788852096772,0.896950192577051,0.110573362202989,2.37723748875887,"Microcebus_rufus",2.632107471,-54.25,256,5.857443275,100.7454754,2,-21.275,47.442,"Valohoaka"
"144",144,"Valohoaka_A",0.577596748045458,2.87533149798266,2.7556115119242,2.30078222668959,2.05330521384802,2.30541002800228,1.74913285757313,3.55788852096772,0.896950192577051,0.110573362202989,2.37723748875887,"Propithecus_edwardsi",3.292877786,-54.25,256,5.857443275,100.7454754,2,-21.275,47.442,"Valohoaka"
"145",145,"Valohoaka_A",0.577596748045458,2.87533149798266,2.7556115119242,2.30078222668959,2.05330521384802,2.30541002800228,1.74913285757313,3.55788852096772,0.896950192577051,0.110573362202989,2.37723748875887,"Lepilemur_microdon",0.125347739,-54.25,256,5.857443275,100.7454754,2,-21.275,47.442,"Valohoaka"
"146",146,"Valohoaka_B",0.578865293819987,2.8109145460508,2.65869956253497,2.27724099587121,2.10630466438769,2.32692374030639,1.80539113587542,3.71009176029541,0.884142772382128,0.116712268205994,2.35204780117132,"Eulemur_rufifrons",2.033442488,27.5,264,7.327831402,95.63004688,1,-21.281,47.441,"Valohoaka"
"147",147,"Valohoaka_B",0.578865293819987,2.8109145460508,2.65869956253497,2.27724099587121,2.10630466438769,2.32692374030639,1.80539113587542,3.71009176029541,0.884142772382128,0.116712268205994,2.35204780117132,"Hapalemur_griseus",1.008716771,27.5,264,7.327831402,95.63004688,1,-21.281,47.441,"Valohoaka"
"148",148,"Valohoaka_B",0.578865293819987,2.8109145460508,2.65869956253497,2.27724099587121,2.10630466438769,2.32692374030639,1.80539113587542,3.71009176029541,0.884142772382128,0.116712268205994,2.35204780117132,"Propithecus_edwardsi",2.549378366,27.5,264,7.327831402,95.63004688,1,-21.281,47.441,"Valohoaka"
"149",149,"Valohoaka_B",0.578865293819987,2.8109145460508,2.65869956253497,2.27724099587121,2.10630466438769,2.32692374030639,1.80539113587542,3.71009176029541,0.884142772382128,0.116712268205994,2.35204780117132,"Lepilemur_microdon",0.136867775,27.5,264,7.327831402,95.63004688,1,-21.281,47.441,"Valohoaka"
"150",150,"Valohoaka_B",0.578865293819987,2.8109145460508,2.65869956253497,2.27724099587121,2.10630466438769,2.32692374030639,1.80539113587542,3.71009176029541,0.884142772382128,0.116712268205994,2.35204780117132,"Avahi_laniger",0.449747122,27.5,264,7.327831402,95.63004688,1,-21.281,47.441,"Valohoaka"
"151",151,"Valohoaka_B",0.578865293819987,2.8109145460508,2.65869956253497,2.27724099587121,2.10630466438769,2.32692374030639,1.80539113587542,3.71009176029541,0.884142772382128,0.116712268205994,2.35204780117132,"Eulemur_rubriventer",1.553732708,27.5,264,7.327831402,95.63004688,1,-21.281,47.441,"Valohoaka"
"152",152,"Valohoaka_B",0.578865293819987,2.8109145460508,2.65869956253497,2.27724099587121,2.10630466438769,2.32692374030639,1.80539113587542,3.71009176029541,0.884142772382128,0.116712268205994,2.35204780117132,"Varecia_variegata",0.887295977,27.5,264,7.327831402,95.63004688,1,-21.281,47.441,"Valohoaka"
"153",153,"Valohoaka_B",0.578865293819987,2.8109145460508,2.65869956253497,2.27724099587121,2.10630466438769,2.32692374030639,1.80539113587542,3.71009176029541,0.884142772382128,0.116712268205994,2.35204780117132,"Cheirogaleus_crossleyi",1.071190227,27.5,264,7.327831402,95.63004688,1,-21.281,47.441,"Valohoaka"
"154",154,"Valohoaka_B",0.578865293819987,2.8109145460508,2.65869956253497,2.27724099587121,2.10630466438769,2.32692374030639,1.80539113587542,3.71009176029541,0.884142772382128,0.116712268205994,2.35204780117132,"Microcebus_rufus",2.570978005,27.5,264,7.327831402,95.63004688,1,-21.281,47.441,"Valohoaka"
"155",155,"Valohoaka_C",0.580864647133068,2.75362180213371,2.5027820148589,2.1615818143667,1.89089071112559,2.45216659822705,1.70604011138567,3.94561877394397,0.779478337576214,0.11593827930192,2.41328016770637,"Eulemur_rubriventer",3.81350372,-124.625,312,6.643041569,70.04524519,1,-21.289,47.444,"Valohoaka"
"156",156,"Valohoaka_C",0.580864647133068,2.75362180213371,2.5027820148589,2.1615818143667,1.89089071112559,2.45216659822705,1.70604011138567,3.94561877394397,0.779478337576214,0.11593827930192,2.41328016770637,"Propithecus_edwardsi",3.348582397,-124.625,312,6.643041569,70.04524519,1,-21.289,47.444,"Valohoaka"
"157",157,"Valohoaka_C",0.580864647133068,2.75362180213371,2.5027820148589,2.1615818143667,1.89089071112559,2.45216659822705,1.70604011138567,3.94561877394397,0.779478337576214,0.11593827930192,2.41328016770637,"Varecia_variegata",1.214823119,-124.625,312,6.643041569,70.04524519,1,-21.289,47.444,"Valohoaka"
"158",158,"Valohoaka_C",0.580864647133068,2.75362180213371,2.5027820148589,2.1615818143667,1.89089071112559,2.45216659822705,1.70604011138567,3.94561877394397,0.779478337576214,0.11593827930192,2.41328016770637,"Avahi_laniger",0.520259803,-124.625,312,6.643041569,70.04524519,1,-21.289,47.444,"Valohoaka"
"159",159,"Valohoaka_C",0.580864647133068,2.75362180213371,2.5027820148589,2.1615818143667,1.89089071112559,2.45216659822705,1.70604011138567,3.94561877394397,0.779478337576214,0.11593827930192,2.41328016770637,"Lepilemur_microdon",0.117659544,-124.625,312,6.643041569,70.04524519,1,-21.289,47.444,"Valohoaka"
"160",160,"Valohoaka_C",0.580864647133068,2.75362180213371,2.5027820148589,2.1615818143667,1.89089071112559,2.45216659822705,1.70604011138567,3.94561877394397,0.779478337576214,0.11593827930192,2.41328016770637,"Microcebus_rufus",2.621908848,-124.625,312,6.643041569,70.04524519,1,-21.289,47.444,"Valohoaka"
"161",161,"Valohoaka_C",0.580864647133068,2.75362180213371,2.5027820148589,2.1615818143667,1.89089071112559,2.45216659822705,1.70604011138567,3.94561877394397,0.779478337576214,0.11593827930192,2.41328016770637,"Cheirogaleus_crossleyi",1.167627154,-124.625,312,6.643041569,70.04524519,1,-21.289,47.444,"Valohoaka"
"162",162,"Valohoaka_C",0.580864647133068,2.75362180213371,2.5027820148589,2.1615818143667,1.89089071112559,2.45216659822705,1.70604011138567,3.94561877394397,0.779478337576214,0.11593827930192,2.41328016770637,"Eulemur_rufifrons",3.514156362,-124.625,312,6.643041569,70.04524519,1,-21.289,47.444,"Valohoaka"
"163",163,"Valohoaka_C",0.580864647133068,2.75362180213371,2.5027820148589,2.1615818143667,1.89089071112559,2.45216659822705,1.70604011138567,3.94561877394397,0.779478337576214,0.11593827930192,2.41328016770637,"Hapalemur_griseus",1.085672331,-124.625,312,6.643041569,70.04524519,1,-21.289,47.444,"Valohoaka"
"164",164,"Valohoaka_D",0.582572910511125,2.79358585057536,2.61097090780416,2.27950648938127,2.02721920999778,2.34432091449717,1.62931807503013,3.60685692541553,0.827631344419704,0.134354055289078,2.33215334904911,"Eulemur_rufifrons",2.935656106,-52.75,373,8.71967775,43.94823815,1,-21.293,47.444,"Valohoaka"
"165",165,"Valohoaka_D",0.582572910511125,2.79358585057536,2.61097090780416,2.27950648938127,2.02721920999778,2.34432091449717,1.62931807503013,3.60685692541553,0.827631344419704,0.134354055289078,2.33215334904911,"Eulemur_rubriventer",3.630057065,-52.75,373,8.71967775,43.94823815,1,-21.293,47.444,"Valohoaka"
"166",166,"Valohoaka_D",0.582572910511125,2.79358585057536,2.61097090780416,2.27950648938127,2.02721920999778,2.34432091449717,1.62931807503013,3.60685692541553,0.827631344419704,0.134354055289078,2.33215334904911,"Avahi_laniger",0.512415446,-52.75,373,8.71967775,43.94823815,1,-21.293,47.444,"Valohoaka"
"167",167,"Valohoaka_D",0.582572910511125,2.79358585057536,2.61097090780416,2.27950648938127,2.02721920999778,2.34432091449717,1.62931807503013,3.60685692541553,0.827631344419704,0.134354055289078,2.33215334904911,"Propithecus_edwardsi",3.255756571,-52.75,373,8.71967775,43.94823815,1,-21.293,47.444,"Valohoaka"
"168",168,"Valohoaka_D",0.582572910511125,2.79358585057536,2.61097090780416,2.27950648938127,2.02721920999778,2.34432091449717,1.62931807503013,3.60685692541553,0.827631344419704,0.134354055289078,2.33215334904911,"Varecia_variegata",0.966371712,-52.75,373,8.71967775,43.94823815,1,-21.293,47.444,"Valohoaka"
"169",169,"Valohoaka_D",0.582572910511125,2.79358585057536,2.61097090780416,2.27950648938127,2.02721920999778,2.34432091449717,1.62931807503013,3.60685692541553,0.827631344419704,0.134354055289078,2.33215334904911,"Microcebus_rufus",2.632233188,-52.75,373,8.71967775,43.94823815,1,-21.293,47.444,"Valohoaka"
"170",170,"Valohoaka_D",0.582572910511125,2.79358585057536,2.61097090780416,2.27950648938127,2.02721920999778,2.34432091449717,1.62931807503013,3.60685692541553,0.827631344419704,0.134354055289078,2.33215334904911,"Hapalemur_griseus",1.085102589,-52.75,373,8.71967775,43.94823815,1,-21.293,47.444,"Valohoaka"
"171",171,"Valohoaka_D",0.582572910511125,2.79358585057536,2.61097090780416,2.27950648938127,2.02721920999778,2.34432091449717,1.62931807503013,3.60685692541553,0.827631344419704,0.134354055289078,2.33215334904911,"Lepilemur_microdon",0.126891182,-52.75,373,8.71967775,43.94823815,1,-21.293,47.444,"Valohoaka"
"172",172,"Valohoaka_D",0.582572910511125,2.79358585057536,2.61097090780416,2.27950648938127,2.02721920999778,2.34432091449717,1.62931807503013,3.60685692541553,0.827631344419704,0.134354055289078,2.33215334904911,"Cheirogaleus_crossleyi",1.106378535,-52.75,373,8.71967775,43.94823815,1,-21.293,47.444,"Valohoaka"
"173",173,"Valohoaka_E",0.58863793078188,2.82115969292674,2.62898734955486,2.22825336547892,1.98147748135545,2.4122630831199,1.74258229728701,3.84111587982493,0.815740392824817,0.13611207010894,2.36267453677835,"Microcebus_rufus",2.637867469,-52.75,373,8.71967775,43.94823815,1,-21.298,47.445,"Valohoaka"
"174",174,"Valohoaka_E",0.58863793078188,2.82115969292674,2.62898734955486,2.22825336547892,1.98147748135545,2.4122630831199,1.74258229728701,3.84111587982493,0.815740392824817,0.13611207010894,2.36267453677835,"Varecia_variegata",1.213150585,-52.75,373,8.71967775,43.94823815,1,-21.298,47.445,"Valohoaka"
"175",175,"Valohoaka_E",0.58863793078188,2.82115969292674,2.62898734955486,2.22825336547892,1.98147748135545,2.4122630831199,1.74258229728701,3.84111587982493,0.815740392824817,0.13611207010894,2.36267453677835,"Lepilemur_microdon",0.122472671,-52.75,373,8.71967775,43.94823815,1,-21.298,47.445,"Valohoaka"
"176",176,"Valohoaka_E",0.58863793078188,2.82115969292674,2.62898734955486,2.22825336547892,1.98147748135545,2.4122630831199,1.74258229728701,3.84111587982493,0.815740392824817,0.13611207010894,2.36267453677835,"Hapalemur_griseus",1.100715628,-52.75,373,8.71967775,43.94823815,1,-21.298,47.445,"Valohoaka"
"177",177,"Valohoaka_E",0.58863793078188,2.82115969292674,2.62898734955486,2.22825336547892,1.98147748135545,2.4122630831199,1.74258229728701,3.84111587982493,0.815740392824817,0.13611207010894,2.36267453677835,"Eulemur_rubriventer",4.333156638,-52.75,373,8.71967775,43.94823815,1,-21.298,47.445,"Valohoaka"
"178",178,"Valohoaka_E",0.58863793078188,2.82115969292674,2.62898734955486,2.22825336547892,1.98147748135545,2.4122630831199,1.74258229728701,3.84111587982493,0.815740392824817,0.13611207010894,2.36267453677835,"Cheirogaleus_crossleyi",1.148183213,-52.75,373,8.71967775,43.94823815,1,-21.298,47.445,"Valohoaka"
"179",179,"Valohoaka_E",0.58863793078188,2.82115969292674,2.62898734955486,2.22825336547892,1.98147748135545,2.4122630831199,1.74258229728701,3.84111587982493,0.815740392824817,0.13611207010894,2.36267453677835,"Eulemur_rufifrons",3.46721374,-52.75,373,8.71967775,43.94823815,1,-21.298,47.445,"Valohoaka"
"180",180,"Valohoaka_E",0.58863793078188,2.82115969292674,2.62898734955486,2.22825336547892,1.98147748135545,2.4122630831199,1.74258229728701,3.84111587982493,0.815740392824817,0.13611207010894,2.36267453677835,"Propithecus_edwardsi",3.462020022,-52.75,373,8.71967775,43.94823815,1,-21.298,47.445,"Valohoaka"
"181",181,"Valohoaka_E",0.58863793078188,2.82115969292674,2.62898734955486,2.22825336547892,1.98147748135545,2.4122630831199,1.74258229728701,3.84111587982493,0.815740392824817,0.13611207010894,2.36267453677835,"Avahi_laniger",0.52985886,-52.75,373,8.71967775,43.94823815,1,-21.298,47.445,"Valohoaka"
"182",182,"Valohoaka_F",0.576098996857178,2.83953515875275,2.7300700164433,2.31853586330657,2.06981738287951,2.32889201504142,1.70035517758715,3.68924780701316,0.886529194825802,0.123032720031904,2.37663119808559,"Varecia_variegata",1.448628791,-14.125,244,6.302031174,55.59479145,1,-21.306,47.445,"Valohoaka"
"183",183,"Valohoaka_F",0.576098996857178,2.83953515875275,2.7300700164433,2.31853586330657,2.06981738287951,2.32889201504142,1.70035517758715,3.68924780701316,0.886529194825802,0.123032720031904,2.37663119808559,"Eulemur_rufifrons",3.27375044,-14.125,244,6.302031174,55.59479145,1,-21.306,47.445,"Valohoaka"
"184",184,"Valohoaka_F",0.576098996857178,2.83953515875275,2.7300700164433,2.31853586330657,2.06981738287951,2.32889201504142,1.70035517758715,3.68924780701316,0.886529194825802,0.123032720031904,2.37663119808559,"Eulemur_rubriventer",8.161608426,-14.125,244,6.302031174,55.59479145,1,-21.306,47.445,"Valohoaka"
"185",185,"Valohoaka_F",0.576098996857178,2.83953515875275,2.7300700164433,2.31853586330657,2.06981738287951,2.32889201504142,1.70035517758715,3.68924780701316,0.886529194825802,0.123032720031904,2.37663119808559,"Microcebus_rufus",2.718795967,-14.125,244,6.302031174,55.59479145,1,-21.306,47.445,"Valohoaka"
"186",186,"Valohoaka_F",0.576098996857178,2.83953515875275,2.7300700164433,2.31853586330657,2.06981738287951,2.32889201504142,1.70035517758715,3.68924780701316,0.886529194825802,0.123032720031904,2.37663119808559,"Lepilemur_microdon",0.156134512,-14.125,244,6.302031174,55.59479145,1,-21.306,47.445,"Valohoaka"
"187",187,"Valohoaka_F",0.576098996857178,2.83953515875275,2.7300700164433,2.31853586330657,2.06981738287951,2.32889201504142,1.70035517758715,3.68924780701316,0.886529194825802,0.123032720031904,2.37663119808559,"Cheirogaleus_crossleyi",1.064666475,-14.125,244,6.302031174,55.59479145,1,-21.306,47.445,"Valohoaka"
"188",188,"Valohoaka_F",0.576098996857178,2.83953515875275,2.7300700164433,2.31853586330657,2.06981738287951,2.32889201504142,1.70035517758715,3.68924780701316,0.886529194825802,0.123032720031904,2.37663119808559,"Propithecus_edwardsi",4.109710491,-14.125,244,6.302031174,55.59479145,1,-21.306,47.445,"Valohoaka"
"189",189,"Valohoaka_F",0.576098996857178,2.83953515875275,2.7300700164433,2.31853586330657,2.06981738287951,2.32889201504142,1.70035517758715,3.68924780701316,0.886529194825802,0.123032720031904,2.37663119808559,"Hapalemur_griseus",1.183065011,-14.125,244,6.302031174,55.59479145,1,-21.306,47.445,"Valohoaka"
"190",190,"Valohoaka_F",0.576098996857178,2.83953515875275,2.7300700164433,2.31853586330657,2.06981738287951,2.32889201504142,1.70035517758715,3.68924780701316,0.886529194825802,0.123032720031904,2.37663119808559,"Avahi_laniger",0.583070102,-14.125,244,6.302031174,55.59479145,1,-21.306,47.445,"Valohoaka"
"191",191,"Valohoaka_G",0.594182992952081,2.86798375114032,2.75450029617503,2.38065953056828,2.13700749232459,2.43708273712773,1.7438326781107,3.98068571428061,0.830801516226495,0.162683146859107,2.35358103299492,"Varecia_variegata",0.758331512,12.875,168,5.091289988,86.77045663,1,-21.311,47.447,"Valohoaka"
"192",192,"Valohoaka_G",0.594182992952081,2.86798375114032,2.75450029617503,2.38065953056828,2.13700749232459,2.43708273712773,1.7438326781107,3.98068571428061,0.830801516226495,0.162683146859107,2.35358103299492,"Eulemur_rufifrons",2.30846859,12.875,168,5.091289988,86.77045663,1,-21.311,47.447,"Valohoaka"
"193",193,"Valohoaka_G",0.594182992952081,2.86798375114032,2.75450029617503,2.38065953056828,2.13700749232459,2.43708273712773,1.7438326781107,3.98068571428061,0.830801516226495,0.162683146859107,2.35358103299492,"Propithecus_edwardsi",3.716212664,12.875,168,5.091289988,86.77045663,1,-21.311,47.447,"Valohoaka"
"194",194,"Valohoaka_G",0.594182992952081,2.86798375114032,2.75450029617503,2.38065953056828,2.13700749232459,2.43708273712773,1.7438326781107,3.98068571428061,0.830801516226495,0.162683146859107,2.35358103299492,"Hapalemur_griseus",1.160487089,12.875,168,5.091289988,86.77045663,1,-21.311,47.447,"Valohoaka"
"195",195,"Valohoaka_G",0.594182992952081,2.86798375114032,2.75450029617503,2.38065953056828,2.13700749232459,2.43708273712773,1.7438326781107,3.98068571428061,0.830801516226495,0.162683146859107,2.35358103299492,"Avahi_laniger",0.551176318,12.875,168,5.091289988,86.77045663,1,-21.311,47.447,"Valohoaka"
"196",196,"Valohoaka_G",0.594182992952081,2.86798375114032,2.75450029617503,2.38065953056828,2.13700749232459,2.43708273712773,1.7438326781107,3.98068571428061,0.830801516226495,0.162683146859107,2.35358103299492,"Microcebus_rufus",2.720688713,12.875,168,5.091289988,86.77045663,1,-21.311,47.447,"Valohoaka"
"197",197,"Valohoaka_G",0.594182992952081,2.86798375114032,2.75450029617503,2.38065953056828,2.13700749232459,2.43708273712773,1.7438326781107,3.98068571428061,0.830801516226495,0.162683146859107,2.35358103299492,"Lepilemur_microdon",0.170834777,12.875,168,5.091289988,86.77045663,1,-21.311,47.447,"Valohoaka"
"198",198,"Valohoaka_G",0.594182992952081,2.86798375114032,2.75450029617503,2.38065953056828,2.13700749232459,2.43708273712773,1.7438326781107,3.98068571428061,0.830801516226495,0.162683146859107,2.35358103299492,"Eulemur_rubriventer",6.374385026,12.875,168,5.091289988,86.77045663,1,-21.311,47.447,"Valohoaka"
"199",199,"Valohoaka_G",0.594182992952081,2.86798375114032,2.75450029617503,2.38065953056828,2.13700749232459,2.43708273712773,1.7438326781107,3.98068571428061,0.830801516226495,0.162683146859107,2.35358103299492,"Cheirogaleus_crossleyi",0.97009394,12.875,168,5.091289988,86.77045663,1,-21.311,47.447,"Valohoaka"
"200",200,"Vohiparara_A",0.598643744964652,2.76511521429216,2.61528923673022,2.15440916551329,1.86463533041803,2.42683243053889,1.68138225693583,3.82056417623827,0.730678239676523,0.167735455207665,2.35488758496883,"Lepilemur_microdon",0.221420464,-32.875,59,0.837326723,204.5471114,8,-21.236,47.39,"Vohiparara"
"201",201,"Vohiparara_A",0.598643744964652,2.76511521429216,2.61528923673022,2.15440916551329,1.86463533041803,2.42683243053889,1.68138225693583,3.82056417623827,0.730678239676523,0.167735455207665,2.35488758496883,"Varecia_variegata",0.287675812,-32.875,59,0.837326723,204.5471114,8,-21.236,47.39,"Vohiparara"
"202",202,"Vohiparara_A",0.598643744964652,2.76511521429216,2.61528923673022,2.15440916551329,1.86463533041803,2.42683243053889,1.68138225693583,3.82056417623827,0.730678239676523,0.167735455207665,2.35488758496883,"Hapalemur_griseus",1.125388232,-32.875,59,0.837326723,204.5471114,8,-21.236,47.39,"Vohiparara"
"203",203,"Vohiparara_A",0.598643744964652,2.76511521429216,2.61528923673022,2.15440916551329,1.86463533041803,2.42683243053889,1.68138225693583,3.82056417623827,0.730678239676523,0.167735455207665,2.35488758496883,"Eulemur_rufifrons",1.037052173,-32.875,59,0.837326723,204.5471114,8,-21.236,47.39,"Vohiparara"
"204",204,"Vohiparara_A",0.598643744964652,2.76511521429216,2.61528923673022,2.15440916551329,1.86463533041803,2.42683243053889,1.68138225693583,3.82056417623827,0.730678239676523,0.167735455207665,2.35488758496883,"Propithecus_edwardsi",3.041779767,-32.875,59,0.837326723,204.5471114,8,-21.236,47.39,"Vohiparara"
"205",205,"Vohiparara_A",0.598643744964652,2.76511521429216,2.61528923673022,2.15440916551329,1.86463533041803,2.42683243053889,1.68138225693583,3.82056417623827,0.730678239676523,0.167735455207665,2.35488758496883,"Microcebus_rufus",2.737758699,-32.875,59,0.837326723,204.5471114,8,-21.236,47.39,"Vohiparara"
"206",206,"Vohiparara_A",0.598643744964652,2.76511521429216,2.61528923673022,2.15440916551329,1.86463533041803,2.42683243053889,1.68138225693583,3.82056417623827,0.730678239676523,0.167735455207665,2.35488758496883,"Eulemur_rubriventer",3.909458316,-32.875,59,0.837326723,204.5471114,8,-21.236,47.39,"Vohiparara"
"207",207,"Vohiparara_A",0.598643744964652,2.76511521429216,2.61528923673022,2.15440916551329,1.86463533041803,2.42683243053889,1.68138225693583,3.82056417623827,0.730678239676523,0.167735455207665,2.35488758496883,"Cheirogaleus_crossleyi",0.782294964,-32.875,59,0.837326723,204.5471114,8,-21.236,47.39,"Vohiparara"
"208",208,"Vohiparara_A",0.598643744964652,2.76511521429216,2.61528923673022,2.15440916551329,1.86463533041803,2.42683243053889,1.68138225693583,3.82056417623827,0.730678239676523,0.167735455207665,2.35488758496883,"Avahi_laniger",0.494348642,-32.875,59,0.837326723,204.5471114,8,-21.236,47.39,"Vohiparara"
"209",209,"Vohiparara_B",0.582074468035957,2.75021352815468,2.60348660714786,2.11293001469354,1.86273455274624,2.55260972874693,1.59171579925128,3.88933870966711,0.737070956711328,0.171864203955588,2.37007347687744,"Lepilemur_microdon",0.2538073,0.25,71,0.656763093,212.8371812,8,-21.229,47.393,"Vohiparara"
"210",210,"Vohiparara_B",0.582074468035957,2.75021352815468,2.60348660714786,2.11293001469354,1.86273455274624,2.55260972874693,1.59171579925128,3.88933870966711,0.737070956711328,0.171864203955588,2.37007347687744,"Propithecus_edwardsi",2.902518631,0.25,71,0.656763093,212.8371812,8,-21.229,47.393,"Vohiparara"
"211",211,"Vohiparara_B",0.582074468035957,2.75021352815468,2.60348660714786,2.11293001469354,1.86273455274624,2.55260972874693,1.59171579925128,3.88933870966711,0.737070956711328,0.171864203955588,2.37007347687744,"Avahi_laniger",0.482238368,0.25,71,0.656763093,212.8371812,8,-21.229,47.393,"Vohiparara"
"212",212,"Vohiparara_B",0.582074468035957,2.75021352815468,2.60348660714786,2.11293001469354,1.86273455274624,2.55260972874693,1.59171579925128,3.88933870966711,0.737070956711328,0.171864203955588,2.37007347687744,"Eulemur_rubriventer",3.595372728,0.25,71,0.656763093,212.8371812,8,-21.229,47.393,"Vohiparara"
"213",213,"Vohiparara_B",0.582074468035957,2.75021352815468,2.60348660714786,2.11293001469354,1.86273455274624,2.55260972874693,1.59171579925128,3.88933870966711,0.737070956711328,0.171864203955588,2.37007347687744,"Hapalemur_griseus",1.125700382,0.25,71,0.656763093,212.8371812,8,-21.229,47.393,"Vohiparara"
"214",214,"Vohiparara_B",0.582074468035957,2.75021352815468,2.60348660714786,2.11293001469354,1.86273455274624,2.55260972874693,1.59171579925128,3.88933870966711,0.737070956711328,0.171864203955588,2.37007347687744,"Varecia_variegata",0.217920309,0.25,71,0.656763093,212.8371812,8,-21.229,47.393,"Vohiparara"
"215",215,"Vohiparara_B",0.582074468035957,2.75021352815468,2.60348660714786,2.11293001469354,1.86273455274624,2.55260972874693,1.59171579925128,3.88933870966711,0.737070956711328,0.171864203955588,2.37007347687744,"Eulemur_rufifrons",0.768637209,0.25,71,0.656763093,212.8371812,8,-21.229,47.393,"Vohiparara"
"216",216,"Vohiparara_B",0.582074468035957,2.75021352815468,2.60348660714786,2.11293001469354,1.86273455274624,2.55260972874693,1.59171579925128,3.88933870966711,0.737070956711328,0.171864203955588,2.37007347687744,"Cheirogaleus_crossleyi",0.715359409,0.25,71,0.656763093,212.8371812,8,-21.229,47.393,"Vohiparara"
"217",217,"Vohiparara_B",0.582074468035957,2.75021352815468,2.60348660714786,2.11293001469354,1.86273455274624,2.55260972874693,1.59171579925128,3.88933870966711,0.737070956711328,0.171864203955588,2.37007347687744,"Microcebus_rufus",2.757186342,0.25,71,0.656763093,212.8371812,8,-21.229,47.393,"Vohiparara"
"218",218,"Vohiparara_C",0.582919967154846,2.73117359983166,2.57676302501281,2.10670915232823,1.86294801829309,2.42785977966033,1.52557862133913,3.55365789472939,0.750206072584961,0.188830873774811,2.42851951282725,"Propithecus_edwardsi",2.837052336,2.25,51,0.848817059,67.95077538,1,-21.224,47.393,"Vohiparara"
"219",219,"Vohiparara_C",0.582919967154846,2.73117359983166,2.57676302501281,2.10670915232823,1.86294801829309,2.42785977966033,1.52557862133913,3.55365789472939,0.750206072584961,0.188830873774811,2.42851951282725,"Varecia_variegata",0.217225759,2.25,51,0.848817059,67.95077538,1,-21.224,47.393,"Vohiparara"
"220",220,"Vohiparara_C",0.582919967154846,2.73117359983166,2.57676302501281,2.10670915232823,1.86294801829309,2.42785977966033,1.52557862133913,3.55365789472939,0.750206072584961,0.188830873774811,2.42851951282725,"Eulemur_rufifrons",0.738908293,2.25,51,0.848817059,67.95077538,1,-21.224,47.393,"Vohiparara"
"221",221,"Vohiparara_C",0.582919967154846,2.73117359983166,2.57676302501281,2.10670915232823,1.86294801829309,2.42785977966033,1.52557862133913,3.55365789472939,0.750206072584961,0.188830873774811,2.42851951282725,"Microcebus_rufus",2.752046009,2.25,51,0.848817059,67.95077538,1,-21.224,47.393,"Vohiparara"
"222",222,"Vohiparara_C",0.582919967154846,2.73117359983166,2.57676302501281,2.10670915232823,1.86294801829309,2.42785977966033,1.52557862133913,3.55365789472939,0.750206072584961,0.188830873774811,2.42851951282725,"Lepilemur_microdon",0.25353891,2.25,51,0.848817059,67.95077538,1,-21.224,47.393,"Vohiparara"
"223",223,"Vohiparara_C",0.582919967154846,2.73117359983166,2.57676302501281,2.10670915232823,1.86294801829309,2.42785977966033,1.52557862133913,3.55365789472939,0.750206072584961,0.188830873774811,2.42851951282725,"Avahi_laniger",0.476443935,2.25,51,0.848817059,67.95077538,1,-21.224,47.393,"Vohiparara"
"224",224,"Vohiparara_C",0.582919967154846,2.73117359983166,2.57676302501281,2.10670915232823,1.86294801829309,2.42785977966033,1.52557862133913,3.55365789472939,0.750206072584961,0.188830873774811,2.42851951282725,"Cheirogaleus_crossleyi",0.711537327,2.25,51,0.848817059,67.95077538,1,-21.224,47.393,"Vohiparara"
"225",225,"Vohiparara_C",0.582919967154846,2.73117359983166,2.57676302501281,2.10670915232823,1.86294801829309,2.42785977966033,1.52557862133913,3.55365789472939,0.750206072584961,0.188830873774811,2.42851951282725,"Eulemur_rubriventer",3.329378596,2.25,51,0.848817059,67.95077538,1,-21.224,47.393,"Vohiparara"
"226",226,"Vohiparara_C",0.582919967154846,2.73117359983166,2.57676302501281,2.10670915232823,1.86294801829309,2.42785977966033,1.52557862133913,3.55365789472939,0.750206072584961,0.188830873774811,2.42851951282725,"Hapalemur_griseus",1.118178096,2.25,51,0.848817059,67.95077538,1,-21.224,47.393,"Vohiparara"
"227",227,"Vohiparara_D",0.570155328996077,2.71442137100644,2.59992855951828,1.84352409581244,1.57534014141634,2.47088267984439,1.70423317966293,3.35603838951241,0.810243678798341,0.0833875969161321,2.4502559629186,"Microcebus_rufus",2.774749436,35.5,151,2.611836184,165.1248501,1,-21.243,47.403,"Vohiparara"
"228",228,"Vohiparara_D",0.570155328996077,2.71442137100644,2.59992855951828,1.84352409581244,1.57534014141634,2.47088267984439,1.70423317966293,3.35603838951241,0.810243678798341,0.0833875969161321,2.4502559629186,"Varecia_variegata",0.22819562,35.5,151,2.611836184,165.1248501,1,-21.243,47.403,"Vohiparara"
"229",229,"Vohiparara_D",0.570155328996077,2.71442137100644,2.59992855951828,1.84352409581244,1.57534014141634,2.47088267984439,1.70423317966293,3.35603838951241,0.810243678798341,0.0833875969161321,2.4502559629186,"Eulemur_rufifrons",0.883748431,35.5,151,2.611836184,165.1248501,1,-21.243,47.403,"Vohiparara"
"230",230,"Vohiparara_D",0.570155328996077,2.71442137100644,2.59992855951828,1.84352409581244,1.57534014141634,2.47088267984439,1.70423317966293,3.35603838951241,0.810243678798341,0.0833875969161321,2.4502559629186,"Propithecus_edwardsi",3.143144685,35.5,151,2.611836184,165.1248501,1,-21.243,47.403,"Vohiparara"
"231",231,"Vohiparara_D",0.570155328996077,2.71442137100644,2.59992855951828,1.84352409581244,1.57534014141634,2.47088267984439,1.70423317966293,3.35603838951241,0.810243678798341,0.0833875969161321,2.4502559629186,"Eulemur_rubriventer",4.672376515,35.5,151,2.611836184,165.1248501,1,-21.243,47.403,"Vohiparara"
"232",232,"Vohiparara_D",0.570155328996077,2.71442137100644,2.59992855951828,1.84352409581244,1.57534014141634,2.47088267984439,1.70423317966293,3.35603838951241,0.810243678798341,0.0833875969161321,2.4502559629186,"Avahi_laniger",0.503205211,35.5,151,2.611836184,165.1248501,1,-21.243,47.403,"Vohiparara"
"233",233,"Vohiparara_D",0.570155328996077,2.71442137100644,2.59992855951828,1.84352409581244,1.57534014141634,2.47088267984439,1.70423317966293,3.35603838951241,0.810243678798341,0.0833875969161321,2.4502559629186,"Hapalemur_griseus",1.152446095,35.5,151,2.611836184,165.1248501,1,-21.243,47.403,"Vohiparara"
"234",234,"Vohiparara_D",0.570155328996077,2.71442137100644,2.59992855951828,1.84352409581244,1.57534014141634,2.47088267984439,1.70423317966293,3.35603838951241,0.810243678798341,0.0833875969161321,2.4502559629186,"Lepilemur_microdon",0.255987651,35.5,151,2.611836184,165.1248501,1,-21.243,47.403,"Vohiparara"
"235",235,"Vohiparara_D",0.570155328996077,2.71442137100644,2.59992855951828,1.84352409581244,1.57534014141634,2.47088267984439,1.70423317966293,3.35603838951241,0.810243678798341,0.0833875969161321,2.4502559629186,"Cheirogaleus_crossleyi",0.72999842,35.5,151,2.611836184,165.1248501,1,-21.243,47.403,"Vohiparara"
"236",236,"Vohiparara_E",0.578614456511526,2.81541440463069,2.69640667514863,2.19361325949672,1.92233939754502,2.4577109498323,1.66806230378243,3.51521145374009,0.824638990830884,0.14728733068871,2.42534314250246,"Varecia_variegata",0.254116966,11.25,91,1.328972243,169.2254521,1,-21.238,47.408,"Vohiparara"
"237",237,"Vohiparara_E",0.578614456511526,2.81541440463069,2.69640667514863,2.19361325949672,1.92233939754502,2.4577109498323,1.66806230378243,3.51521145374009,0.824638990830884,0.14728733068871,2.42534314250246,"Propithecus_edwardsi",3.206477783,11.25,91,1.328972243,169.2254521,1,-21.238,47.408,"Vohiparara"
"238",238,"Vohiparara_E",0.578614456511526,2.81541440463069,2.69640667514863,2.19361325949672,1.92233939754502,2.4577109498323,1.66806230378243,3.51521145374009,0.824638990830884,0.14728733068871,2.42534314250246,"Hapalemur_griseus",1.153846492,11.25,91,1.328972243,169.2254521,1,-21.238,47.408,"Vohiparara"
"239",239,"Vohiparara_E",0.578614456511526,2.81541440463069,2.69640667514863,2.19361325949672,1.92233939754502,2.4577109498323,1.66806230378243,3.51521145374009,0.824638990830884,0.14728733068871,2.42534314250246,"Eulemur_rubriventer",4.866736161,11.25,91,1.328972243,169.2254521,1,-21.238,47.408,"Vohiparara"
"240",240,"Vohiparara_E",0.578614456511526,2.81541440463069,2.69640667514863,2.19361325949672,1.92233939754502,2.4577109498323,1.66806230378243,3.51521145374009,0.824638990830884,0.14728733068871,2.42534314250246,"Eulemur_rufifrons",0.983253746,11.25,91,1.328972243,169.2254521,1,-21.238,47.408,"Vohiparara"
"241",241,"Vohiparara_E",0.578614456511526,2.81541440463069,2.69640667514863,2.19361325949672,1.92233939754502,2.4577109498323,1.66806230378243,3.51521145374009,0.824638990830884,0.14728733068871,2.42534314250246,"Lepilemur_microdon",0.244936324,11.25,91,1.328972243,169.2254521,1,-21.238,47.408,"Vohiparara"
"242",242,"Vohiparara_E",0.578614456511526,2.81541440463069,2.69640667514863,2.19361325949672,1.92233939754502,2.4577109498323,1.66806230378243,3.51521145374009,0.824638990830884,0.14728733068871,2.42534314250246,"Microcebus_rufus",2.769204567,11.25,91,1.328972243,169.2254521,1,-21.238,47.408,"Vohiparara"
"243",243,"Vohiparara_E",0.578614456511526,2.81541440463069,2.69640667514863,2.19361325949672,1.92233939754502,2.4577109498323,1.66806230378243,3.51521145374009,0.824638990830884,0.14728733068871,2.42534314250246,"Avahi_laniger",0.508618578,11.25,91,1.328972243,169.2254521,1,-21.238,47.408,"Vohiparara"
"244",244,"Vohiparara_E",0.578614456511526,2.81541440463069,2.69640667514863,2.19361325949672,1.92233939754502,2.4577109498323,1.66806230378243,3.51521145374009,0.824638990830884,0.14728733068871,2.42534314250246,"Cheirogaleus_crossleyi",0.752896772,11.25,91,1.328972243,169.2254521,1,-21.238,47.408,"Vohiparara"
"245",245,"Vohiparara_F",0.541420478407124,2.56421241763509,2.43903680340914,1.94190360276246,1.57382385656784,2.54437448277821,1.84552842237516,3.75373931623878,0.727802687241332,0.0687408248985496,2.46330567028123,"Eulemur_rufifrons",0.537469318,2,46,0.694355279,118.0418999,1,-21.222,47.391,"Vohiparara"
"246",246,"Vohiparara_F",0.541420478407124,2.56421241763509,2.43903680340914,1.94190360276246,1.57382385656784,2.54437448277821,1.84552842237516,3.75373931623878,0.727802687241332,0.0687408248985496,2.46330567028123,"Hapalemur_griseus",1.085852095,2,46,0.694355279,118.0418999,1,-21.222,47.391,"Vohiparara"
"247",247,"Vohiparara_F",0.541420478407124,2.56421241763509,2.43903680340914,1.94190360276246,1.57382385656784,2.54437448277821,1.84552842237516,3.75373931623878,0.727802687241332,0.0687408248985496,2.46330567028123,"Eulemur_rubriventer",2.240484665,2,46,0.694355279,118.0418999,1,-21.222,47.391,"Vohiparara"
"248",248,"Vohiparara_F",0.541420478407124,2.56421241763509,2.43903680340914,1.94190360276246,1.57382385656784,2.54437448277821,1.84552842237516,3.75373931623878,0.727802687241332,0.0687408248985496,2.46330567028123,"Varecia_variegata",0.198956799,2,46,0.694355279,118.0418999,1,-21.222,47.391,"Vohiparara"
"249",249,"Vohiparara_F",0.541420478407124,2.56421241763509,2.43903680340914,1.94190360276246,1.57382385656784,2.54437448277821,1.84552842237516,3.75373931623878,0.727802687241332,0.0687408248985496,2.46330567028123,"Propithecus_edwardsi",2.506289979,2,46,0.694355279,118.0418999,1,-21.222,47.391,"Vohiparara"
"250",250,"Vohiparara_G",0.588409573434192,2.79223045707633,2.66844815737472,2.159938718504,1.94618986451908,2.42691759485809,1.55110496041995,3.75406535946787,0.802568372897965,0.186704075491413,2.41573215190355,"Hapalemur_griseus",1.103375527,-8.75,92,1.428364471,274.3681972,16,-21.222,47.409,"Vohiparara"
"251",251,"Vohiparara_G",0.588409573434192,2.79223045707633,2.66844815737472,2.159938718504,1.94618986451908,2.42691759485809,1.55110496041995,3.75406535946787,0.802568372897965,0.186704075491413,2.41573215190355,"Varecia_variegata",0.216255534,-8.75,92,1.428364471,274.3681972,16,-21.222,47.409,"Vohiparara"
"252",252,"Vohiparara_G",0.588409573434192,2.79223045707633,2.66844815737472,2.159938718504,1.94618986451908,2.42691759485809,1.55110496041995,3.75406535946787,0.802568372897965,0.186704075491413,2.41573215190355,"Eulemur_rufifrons",0.676300506,-8.75,92,1.428364471,274.3681972,16,-21.222,47.409,"Vohiparara"
"253",253,"Vohiparara_G",0.588409573434192,2.79223045707633,2.66844815737472,2.159938718504,1.94618986451908,2.42691759485809,1.55110496041995,3.75406535946787,0.802568372897965,0.186704075491413,2.41573215190355,"Propithecus_edwardsi",2.706405822,-8.75,92,1.428364471,274.3681972,16,-21.222,47.409,"Vohiparara"
"254",254,"Vohiparara_G",0.588409573434192,2.79223045707633,2.66844815737472,2.159938718504,1.94618986451908,2.42691759485809,1.55110496041995,3.75406535946787,0.802568372897965,0.186704075491413,2.41573215190355,"Eulemur_rubriventer",2.840243632,-8.75,92,1.428364471,274.3681972,16,-21.222,47.409,"Vohiparara"
"255",255,"Vohiparara_H",0.574512478289279,2.81375830991317,2.68516530895182,2.08435751245179,1.76861177277403,2.41444459461694,1.69062186949318,3.23682269503245,0.830800948557711,0.110899561301752,2.43284666187894,"Propithecus_edwardsi",2.850272978,30.625,51,0.395506674,280.1872004,16,-21.227,47.407,"Vohiparara"
"256",256,"Vohiparara_H",0.574512478289279,2.81375830991317,2.68516530895182,2.08435751245179,1.76861177277403,2.41444459461694,1.69062186949318,3.23682269503245,0.830800948557711,0.110899561301752,2.43284666187894,"Eulemur_rubriventer",3.333721889,30.625,51,0.395506674,280.1872004,16,-21.227,47.407,"Vohiparara"
"257",257,"Vohiparara_H",0.574512478289279,2.81375830991317,2.68516530895182,2.08435751245179,1.76861177277403,2.41444459461694,1.69062186949318,3.23682269503245,0.830800948557711,0.110899561301752,2.43284666187894,"Eulemur_rufifrons",0.777958336,30.625,51,0.395506674,280.1872004,16,-21.227,47.407,"Vohiparara"
"258",258,"Vohiparara_H",0.574512478289279,2.81375830991317,2.68516530895182,2.08435751245179,1.76861177277403,2.41444459461694,1.69062186949318,3.23682269503245,0.830800948557711,0.110899561301752,2.43284666187894,"Hapalemur_griseus",1.116561713,30.625,51,0.395506674,280.1872004,16,-21.227,47.407,"Vohiparara"
"259",259,"Vohiparara_H",0.574512478289279,2.81375830991317,2.68516530895182,2.08435751245179,1.76861177277403,2.41444459461694,1.69062186949318,3.23682269503245,0.830800948557711,0.110899561301752,2.43284666187894,"Varecia_variegata",0.228556988,30.625,51,0.395506674,280.1872004,16,-21.227,47.407,"Vohiparara"
